<?xml version="1.0" encoding="UTF-8"?>
<!DOCTYPE xml>
<configuration>
    <appender name="STDOUT" class="ch.qos.logback.core.ConsoleAppender">
        <!-- encoders are assigned the type
             ch.qos.logback.classic.encoder.PatternLayoutEncoder by default -->
        <encoder>
            <pattern>%d{HH:mm:ss.SSS} %-4relative [%thread] %-5level %logger{35} - %msg %n</pattern>
        </encoder>
    </appender>

    <appender name="FILE" class="ch.qos.logback.core.rolling.RollingFileAppender">
        <file>log/report.log</file>
        <rollingPolicy class="ch.qos.logback.core.rolling.SizeAndTimeBasedRollingPolicy">
            <!-- rollover daily -->
            <fileNamePattern>log/practice-%d{yyyy-MM-dd}.%i.log</fileNamePattern>

            <maxFileSize>100MB</maxFileSize>

            <!-- keep 30 days' worth of history capped at 3GB total size -->
            <maxHistory>30</maxHistory>
            <totalSizeCap>3GB</totalSizeCap>

        </rollingPolicy>
        <encoder>
            <pattern>%d{HH:mm:ss.SSS} %-4relative [%thread] %-5level %logger{35} - %msg%n</pattern>
        </encoder>
    </appender>

    <root level="INFO">
        <appender-ref ref="STDOUT" />
        <!--<appender-ref ref="FILE" />-->
    </root>
</configuration>